id	owner	state	ref
E2	ERR	live	rc5
E3	ERR	live	rc5
E6	ERR	live	rc5
D1a	DYN	live	rc5
D1b	DYN	live	rc5
D1c	DYN	live	rc5
T1a	LIFE	live	rc5
T1b	LIFE	live	rc5
T2	LIFE	live	rc5
T3	LIFE	live	rc5
T4	LIFE	live	rc5
IO-S0	IO	live	rc5
IO-S1	IO	live	rc5
IO-S2	IO	live	rc5
IO-S3	IO	live	rc5
IO-S4	IO	live	rc5
IO-S5	IO	live	rc5
IO-S6	IO	live	rc5
DC1	DATA	live	rc5
DC2	DATA	live	rc5
DC3	DATA	live	rc5
DC4	DATA	live	rc5
DC5	DATA	live	rc5
X0	DATA	live	rc5
X1	DATA	live	rc5
X2	DATA	live	rc5
X3	DATA	live	rc5
O	SEQ	live	rc5
DT	SEQ	live	rc5
F	SEQ	live	rc5
SR	SEQ	live	rc5
SC	SEQ	live	rc5
SH	SEQ	live	rc5
SG	SEQ	live	rc5
SV	SEQ	live	rc5
SM	SEQ	live	rc5
W-pkg3	FRONT	live	rc5
W-pkg4	FRONT	live	rc5
A1c3	IDENT	live	rc5
A1c4	IDENT	live	rc5
IDENT-B1	IDENT	live	rc5
IDENT-B3	IDENT	live	rc5
IDENT-L0f	IDENT	live	rc5
N0	NET	live	final
AUTH-P1	DATA	live	final
AUTH-P2	DATA	live	final
AUTH-P3	DATA	live	final
AUTH-P4	DATA	live	final
AUTH-P5	DATA	live	final
AUTH-P6	DATA	live	final
AUTH-P7	DATA	live	final
COAL	LIFE	live	final
PRE-L1	LIFE	live	final
PRE-L2	LIFE	live	final
PRE-L3	LIFE	live	final
PRE-L4	LIFE	live	final
PRE-L5	LIFE	live	final
ENVELOPE	LIFE	live	final
M1	FRONT	live	final
M2	FRONT	live	final
M3	FRONT	live	final
M4	FRONT	live	final
I1	DYN	live	final
I2	DYN	live	final
I3	DYN	live	final
I4	DYN	live	final
DEFER-ERR	ERR	live	final
P1	-	done	landed
P2	-	done	landed
A1c1	-	done	landed
A1c2	-	done	landed
B2	-	done	landed
B4	-	done	landed
L	-	done	landed
E1	-	done	landed
